Date,Week,Year,Darwin,Northern Territory Regional Average,Northern Territory State Average,Canberra,Sydney,NSW Regional Average,NSW State Average,Brisbane,Queensland Regional Average,Queensland State Average,Adelaide,South Australian Regional Average,South Australian State Average,Hobart,Tasmanian Regional Average,Tasmanian State Average,Melbourne,Victorian Regional Average,Victorian State Average,Perth,Western Australian Regional Average,Western Australian State Average,Five Capital City Average,Total Metropolitan Average,Total Regional Average,National Average
2025-08-24,24 Aug,2025,186.8,240.8,208.0,193.1,181.0,184.7,183.7,186.7,186.1,186.4,178.7,184.4,184.4,184.9,185.2,185.1,185.3,190.2,187.5,179.6,185.5,182.1,182.2,183.9,186.8,185.5
2025-08-31,31 Aug,2025,187.1,241.0,208.3,193.4,180.2,184.4,183.3,186.5,186.0,186.2,179.1,184.4,184.4,185.3,185.3,185.3,185.3,190.2,187.5,179.7,185.4,182.1,182.1,183.7,186.6,185.3
2025-09-07,7 Sep,2025,188.5,241.1,209.1,193.3,180.4,184.7,183.5,186.8,186.0,186.4,179.7,185.1,185.1,185.7,185.2,185.4,185.7,190.8,188.0,179.9,185.3,182.2,182.5,184.1,186.9,185.6
2025-09-14,14 Sep,2025,189.1,241.4,209.6,193.2,181.0,184.9,183.8,187.2,186.0,186.6,179.7,185.4,185.4,184.8,184.8,184.8,186.3,191.2,188.5,179.9,185.5,182.2,182.8,184.4,187.1,185.9
2025-09-21,21 Sep,2025,189.2,241.4,209.7,193.1,181.1,185.0,183.9,187.4,186.0,186.7,179.1,185.2,185.2,184.7,184.8,184.8,186.6,191.2,188.6,179.8,185.3,182.1,182.8,184.6,187.0,185.9
2025-09-28,28 Sep,2025,189.4,241.3,209.8,193.1,180.6,184.9,183.7,186.1,185.6,185.8,180.5,184.9,184.9,184.9,184.9,184.9,187.2,191.1,189.0,179.9,185.5,182.3,182.8,184.3,186.9,185.7
2025-10-05,5 Oct,2025,189.6,241.3,209.9,193.4,180.6,185.1,183.8,185.7,185.4,185.5,180.1,184.6,184.6,185.6,184.9,185.1,186.4,191.0,188.4,179.9,185.6,182.3,182.5,184.0,186.9,185.6
2025-10-12,12 Oct,2025,189.5,241.4,209.9,193.2,180.6,185.2,183.9,185.6,185.4,185.5,179.8,184.7,184.7,185.7,185.1,185.3,187.5,191.0,189.0,179.3,185.4,181.9,182.5,184.1,186.9,185.6
2025-10-19,19 Oct,2025,189.1,241.4,209.6,193.1,180.0,184.6,183.3,185.1,185.3,185.2,179.3,184.4,184.4,185.0,184.5,184.7,185.4,187.2,186.2,178.7,184.9,181.3,181.7,183.2,185.9,184.7
2025-10-26,26 Oct,2025,188.9,241.4,209.5,193.1,179.8,184.2,183.0,185.0,185.0,185.0,180.2,183.9,183.9,184.5,184.0,184.2,185.1,183.4,184.3,178.4,184.2,180.9,181.6,183.0,184.9,184.0
2025-11-02,2 Nov,2025,188.5,241.3,209.2,193.2,180.5,184.5,183.5,187.2,185.8,186.5,180.7,184.3,184.3,185.8,184.6,185.0,186.5,183.9,185.3,179.9,184.4,181.8,182.9,184.4,185.4,184.9
2025-11-09,9 Nov,2025,188.6,241.6,209.4,193.4,181.7,185.8,184.7,188.3,187.1,187.7,181.6,185.9,185.9,187.2,186.4,186.6,187.0,184.5,185.9,181.9,185.3,183.3,184.1,185.5,186.6,186.1
2025-11-16,16 Nov,2025,189.7,242.2,210.3,195.7,185.3,188.3,187.5,190.9,189.0,189.9,184.3,188.8,188.8,188.5,188.0,188.2,190.5,186.0,188.5,184.6,187.1,185.7,187.1,188.5,188.6,188.6
2025-11-23,23 Nov,2025,191.5,242.8,211.6,199.2,188.5,190.9,190.4,193.2,191.2,192.1,188.4,190.7,190.7,191.3,190.7,190.9,193.2,188.0,190.9,187.0,188.9,187.8,190.0,191.1,190.9,191.0
2025-11-30,30 Nov,2025,192.4,242.9,212.2,201.8,189.2,192.2,191.5,194.9,192.4,193.6,189.8,191.8,191.8,193.9,192.7,193.1,194.1,189.3,192.0,188.0,189.7,188.7,191.2,192.3,192.0,192.1
2025-12-07,7 Dec,2025,191.4,242.5,211.4,202.4,188.6,192.0,191.2,194.7,191.7,193.1,188.1,191.1,191.1,194.9,192.7,193.4,194.0,189.1,191.8,187.0,188.6,187.7,190.4,191.9,191.6,191.7
2025-12-14,14 Dec,2025,191.0,241.5,210.8,202.2,187.8,191.2,190.4,193.8,190.5,192.1,186.1,189.2,189.2,194.5,191.8,192.7,193.6,188.6,191.4,185.6,187.1,186.2,189.3,191.1,190.5,190.8
2025-12-21,21 Dec,2025,189.2,240.9,209.5,201.3,186.8,190.2,189.4,191.5,188.8,190.1,183.3,187.4,187.4,193.0,190.4,191.3,192.1,187.6,190.1,183.9,185.8,184.7,187.5,189.4,189.2,189.3
2025-12-28,28 Dec,2025,188.0,240.5,208.6,200.4,184.5,188.7,187.7,188.5,186.9,187.7,181.4,185.8,185.8,191.4,189.4,190.0,189.5,185.6,187.8,182.2,184.2,183.1,185.2,187.0,187.5,187.3
2026-01-04,4 Jan,2026,187.5,240.3,208.2,200.4,182.0,187.7,186.2,187.0,185.6,186.3,180.6,184.6,184.6,190.0,188.5,189.0,188.3,185.0,186.8,181.4,183.2,182.2,183.8,185.6,186.5,186.1
2026-01-11,11 Jan,2026,186.3,239.6,207.2,198.2,178.7,186.2,184.0,185.7,184.2,184.9,178.1,182.5,182.5,188.5,186.8,187.4,186.5,184.0,185.4,179.4,182.2,180.6,181.7,183.6,185.1,184.4
2026-01-18,18 Jan,2026,186.1,239.5,207.0,196.1,176.1,184.9,182.3,184.4,182.6,183.5,176.8,181.3,181.3,187.4,185.2,185.9,185.6,182.6,184.3,178.1,181.3,179.5,180.2,182.2,183.8,183.1
2026-01-25,25 Jan,2026,185.5,239.1,206.5,195.8,175.1,184.2,181.5,183.0,182.1,182.6,176.3,181.0,181.0,186.1,184.0,184.7,184.1,181.8,183.1,176.8,180.7,178.5,179.0,180.9,183.2,182.1
2026-02-01,1 Feb,2026,184.1,238.6,205.5,194.4,174.4,183.6,180.8,181.9,181.8,181.8,175.3,180.7,180.7,185.6,183.5,184.1,182.9,181.1,182.1,176.2,180.2,177.9,178.1,179.9,182.7,181.4
2026-02-08,8 Feb,2026,183.1,238.0,204.7,189.7,173.7,182.9,180.0,181.0,181.3,181.2,174.9,180.3,180.3,185.3,183.2,183.9,181.6,180.6,181.2,176.2,180.1,177.8,177.5,179.1,182.2,180.8
2026-02-15,15 Feb,2026,182.6,237.9,204.3,186.9,173.9,182.7,179.8,181.1,181.4,181.3,175.1,180.0,180.0,184.1,182.1,182.8,179.8,180.3,180.0,176.1,180.4,177.9,177.2,178.6,182.0,180.5
2026-02-22,22 Feb,2026,182.5,237.9,204.2,186.9,174.1,182.6,179.8,180.5,181.2,180.9,175.0,180.0,180.0,182.1,181.6,181.8,179.2,179.4,179.3,175.8,180.6,177.8,176.9,178.2,181.8,180.2
2026-03-01,1 Mar,2026,183.6,237.9,204.9,187.0,175.4,183.1,180.6,181.9,181.6,181.7,175.6,180.2,180.2,183.2,182.0,182.4,180.3,179.8,180.1,176.7,181.3,178.6,177.9,179.3,182.3,180.9
2026-03-08,8 Mar,2026,199.5,242.9,216.5,198.9,197.4,200.2,199.2,199.4,197.3,198.3,192.1,192.6,192.6,198.6,196.3,197.0,195.3,193.1,194.3,190.5,191.8,191.1,194.9,196.2,196.8,196.5
2026-03-15,15 Mar,2026,247.0,264.3,253.8,246.4,247.2,248.5,248.0,245.9,245.1,245.5,245.1,244.9,244.9,245.3,243.9,244.4,244.1,242.6,243.4,244.3,244.9,244.6,245.3,245.4,245.8,245.6
2026-03-22,22 Mar,2026,281.6,286.5,283.5,282.5,282.1,284.8,283.8,281.7,282.7,282.2,280.6,281.0,281.0,279.9,281.2,280.8,282.1,283.0,282.5,279.2,283.1,280.9,281.1,281.4,283.2,282.4
2026-03-29,29 Mar,2026,308.0,305.0,306.8,309.1,309.1,312.8,311.4,310.3,311.3,310.8,308.9,311.3,311.3,307.8,311.8,310.5,309.0,308.7,308.9,305.4,309.8,307.3,308.5,308.7,311.1,310.0
2026-04-05,5 Apr,2026,309.5,317.2,312.5,308.5,310.6,316.2,314.1,310.2,314.3,312.3,308.8,313.1,313.1,306.1,311.5,309.7,311.8,313.0,312.4,309.0,315.8,311.9,310.0,310.3,314.6,312.7
2026-04-12,12 Apr,2026,319.3,327.0,322.3,317.7,316.0,320.6,318.9,318.3,320.0,319.2,318.2,320.9,320.9,316.6,321.8,320.1,317.9,319.1,318.5,315.4,322.1,318.3,317.1,317.1,320.5,319.0
2026-04-19,19 Apr,2026,305.6,325.5,313.4,302.6,304.1,310.5,308.1,308.7,313.5,311.1,304.3,313.4,313.4,302.1,308.7,306.6,306.1,309.4,307.6,301.3,313.0,306.3,304.9,305.3,311.8,308.9
2026-04-26,26 Apr,2026,274.6,290.9,281.0,277.0,268.5,276.0,273.5,271.3,280.8,276.2,266.8,283.2,283.2,266.8,273.1,271.0,274.1,279.4,276.5,263.3,279.8,270.3,268.8,270.0,279.1,275.0
2026-05-03,3 May,2026,253.4,308.5,275.0,268.5,246.9,254.0,252.1,250.6,259.4,255.1,243.9,259.1,259.1,251.5,257.1,255.3,253.0,258.8,255.6,243.1,260.3,250.4,247.5,249.5,258.3,254.3
2026-05-10,10 May,2026,247.7,303.5,269.6,265.3,239.9,247.0,245.2,243.9,252.3,248.2,238.9,248.8,248.8,247.2,251.6,250.2,247.1,251.4,249.0,236.2,251.2,242.6,241.1,243.0,250.6,247.2
2026-05-17,17 May,2026,240.8,300.5,264.2,260.1,231.0,236.4,235.4,233.8,239.9,236.9,229.9,237.0,237.0,236.2,238.6,237.8,239.1,240.9,239.9,222.9,240.4,230.3,231.3,233.2,239.5,236.6
2026-05-24,24 May,2026,236.2,296.5,259.9,258.3,225.8,230.8,230.1,228.5,232.7,230.7,224.5,228.9,228.9,230.4,230.3,230.3,232.7,234.8,233.6,217.3,234.6,224.6,225.7,227.7,233.0,230.6
2026-05-31,31 May,2026,229.0,292.5,253.9,248.1,219.3,225.1,223.9,223.4,228.9,226.2,217.5,223.9,223.9,226.5,226.9,226.8,225.5,228.9,227.0,211.6,229.7,219.2,219.4,221.5,228.0,225.1
2026-06-07,7 Jun,2026,210.3,286.7,240.3,221.8,204.7,213.0,210.5,212.4,218.8,215.7,206.0,214.9,214.9,219.4,219.9,219.7,213.3,217.3,215.1,201.0,221.3,209.6,207.5,209.2,217.5,213.7
2026-06-14,14 Jun,2026,199.2,281.3,231.5,214.4,197.2,206.2,203.4,205.1,211.7,208.5,201.3,208.3,208.3,215.0,213.6,214.1,206.3,209.6,207.7,194.7,214.0,202.9,200.9,202.1,210.5,206.7
2026-06-21,21 Jun,2026,192.5,276.1,225.3,203.0,189.3,197.4,194.8,195.9,203.9,200.1,194.0,201.2,201.2,205.6,206.9,206.5,195.4,199.7,197.3,188.0,208.2,196.6,192.5,193.2,202.4,198.3
2026-06-28,28 Jun,2026,182.0,270.5,216.7,196.2,177.3,183.7,182.0,181.7,191.6,186.8,180.3,188.0,188.0,192.6,195.1,194.3,180.9,185.4,182.9,174.3,197.6,184.2,178.9,179.7,189.6,185.1
2026-07-05,5 Jul,2026,182.5,266.7,215.5,193.4,180.5,184.1,183.2,182.9,189.8,186.4,181.4,186.8,186.8,195.9,193.1,194.0,181.8,185.2,183.3,177.7,195.5,185.2,180.8,181.6,188.7,185.5
2026-07-12,12 Jul,2026,188.9,263.7,218.2,200.3,185.8,189.7,188.8,188.2,194.1,191.3,187.2,194.8,194.8,199.1,197.0,197.7,187.7,190.8,189.1,182.8,197.6,189.0,186.3,187.0,193.7,190.7
2026-07-19,19 Jul,2026,200.0,263.6,224.9,201.3,197.7,200.4,199.5,200.0,202.4,201.2,196.3,201.6,201.6,204.2,203.1,203.5,199.2,199.3,199.3,193.4,203.5,197.7,197.3,198.2,202.1,200.3
2026-07-26,26 Jul,2026,221.3,269.4,240.2,221.9,217.8,220.2,219.5,219.4,220.8,220.1,218.1,220.5,220.5,221.4,219.2,220.0,220.5,219.2,219.9,212.4,219.4,215.4,217.6,218.2,220.7,219.6
2026-08-02,2 Aug,2026,239.5,276.4,254.0,239.7,233.2,235.5,234.9,234.6,235.8,235.2,234.0,234.3,234.3,237.6,236.0,236.5,237.0,235.5,236.3,227.1,233.0,229.6,233.1,233.8,235.7,234.8
2026-08-09,9 Aug,2026,253.1,284.1,265.3,253.9,244.4,247.5,246.7,247.7,249.2,248.5,247.3,248.3,248.3,251.9,250.2,250.8,250.6,249.7,250.2,241.4,246.8,243.7,246.3,246.9,248.9,248.0
2026-08-16,16 Aug,2026,250.0,288.4,265.1,244.8,239.9,244.6,243.0,245.0,248.2,246.7,241.5,247.5,247.5,248.9,249.9,249.6,244.9,248.1,246.3,238.1,247.1,241.9,241.8,242.8,247.5,245.4
